source_relpath,copied_image,class_name
aneurysm/0.jpg,images/0000_aneurysm_0.jpg,aneurysm
aneurysm/1.jpg,images/0001_aneurysm_1.jpg,aneurysm
aneurysm/2.jpg,images/0002_aneurysm_2.jpg,aneurysm
aneurysm/3.jpg,images/0003_aneurysm_3.jpg,aneurysm
aneurysm/4.jpg,images/0004_aneurysm_4.jpg,aneurysm
aneurysm/5.jpg,images/0005_aneurysm_5.jpg,aneurysm
aneurysm/6.jpg,images/0006_aneurysm_6.jpg,aneurysm
aneurysm/7.jpg,images/0007_aneurysm_7.jpg,aneurysm
aneurysm/8.jpg,images/0008_aneurysm_8.jpg,aneurysm
aneurysm/9.jpg,images/0009_aneurysm_9.jpg,aneurysm
aneurysm/10.jpg,images/0010_aneurysm_10.jpg,aneurysm
aneurysm/11.jpg,images/0011_aneurysm_11.jpg,aneurysm
aneurysm/12.jpg,images/0012_aneurysm_12.jpg,aneurysm
aneurysm/13.jpg,images/0013_aneurysm_13.jpg,aneurysm
aneurysm/14.jpg,images/0014_aneurysm_14.jpg,aneurysm
aneurysm/15.jpg,images/0015_aneurysm_15.jpg,aneurysm
aneurysm/16.jpg,images/0016_aneurysm_16.jpg,aneurysm
aneurysm/17.jpg,images/0017_aneurysm_17.jpg,aneurysm
aneurysm/18.jpg,images/0018_aneurysm_18.jpg,aneurysm
aneurysm/20.jpg,images/0019_aneurysm_20.jpg,aneurysm
aneurysm/21.jpg,images/0020_aneurysm_21.jpg,aneurysm
aneurysm/22.jpg,images/0021_aneurysm_22.jpg,aneurysm
aneurysm/23.jpg,images/0022_aneurysm_23.jpg,aneurysm
aneurysm/24.jpg,images/0023_aneurysm_24.jpg,aneurysm
aneurysm/25.jpg,images/0024_aneurysm_25.jpg,aneurysm
aneurysm/26.jpg,images/0025_aneurysm_26.jpg,aneurysm
aneurysm/27.jpg,images/0026_aneurysm_27.jpg,aneurysm
aneurysm/28.jpg,images/0027_aneurysm_28.jpg,aneurysm
aneurysm/29.jpg,images/0028_aneurysm_29.jpg,aneurysm
aneurysm/30.jpg,images/0029_aneurysm_30.jpg,aneurysm
tumor/0.jpg,images/0030_tumor_0.jpg,tumor
tumor/1.jpg,images/0031_tumor_1.jpg,tumor
tumor/2.jpg,images/0032_tumor_2.jpg,tumor
tumor/3.jpg,images/0033_tumor_3.jpg,tumor
tumor/4.jpg,images/0034_tumor_4.jpg,tumor
tumor/5.jpg,images/0035_tumor_5.jpg,tumor
tumor/6.jpg,images/0036_tumor_6.jpg,tumor
tumor/7.jpg,images/0037_tumor_7.jpg,tumor
tumor/8.jpg,images/0038_tumor_8.jpg,tumor
tumor/9.jpg,images/0039_tumor_9.jpg,tumor
tumor/10.jpg,images/0040_tumor_10.jpg,tumor
tumor/11.jpg,images/0041_tumor_11.jpg,tumor
tumor/12.jpg,images/0042_tumor_12.jpg,tumor
tumor/13.jpg,images/0043_tumor_13.jpg,tumor
tumor/14.jpg,images/0044_tumor_14.jpg,tumor
tumor/15.jpg,images/0045_tumor_15.jpg,tumor
tumor/16.jpg,images/0046_tumor_16.jpg,tumor
tumor/17.jpg,images/0047_tumor_17.jpg,tumor
tumor/18.jpg,images/0048_tumor_18.jpg,tumor
tumor/20.jpg,images/0049_tumor_20.jpg,tumor
tumor/21.jpg,images/0050_tumor_21.jpg,tumor
tumor/22.jpg,images/0051_tumor_22.jpg,tumor
tumor/23.jpg,images/0052_tumor_23.jpg,tumor
tumor/24.jpg,images/0053_tumor_24.jpg,tumor
tumor/25.jpg,images/0054_tumor_25.jpg,tumor
tumor/26.jpg,images/0055_tumor_26.jpg,tumor
tumor/27.jpg,images/0056_tumor_27.jpg,tumor
tumor/28.jpg,images/0057_tumor_28.jpg,tumor
tumor/29.jpg,images/0058_tumor_29.jpg,tumor
tumor/30.jpg,images/0059_tumor_30.jpg,tumor
cancer/0.jpg,images/0060_cancer_0.jpg,cancer
cancer/1.jpg,images/0061_cancer_1.jpg,cancer
cancer/2.jpg,images/0062_cancer_2.jpg,cancer
cancer/3.jpg,images/0063_cancer_3.jpg,cancer
cancer/4.jpg,images/0064_cancer_4.jpg,cancer
cancer/5.jpg,images/0065_cancer_5.jpg,cancer
cancer/6.jpg,images/0066_cancer_6.jpg,cancer
cancer/7.jpg,images/0067_cancer_7.jpg,cancer
cancer/8.jpg,images/0068_cancer_8.jpg,cancer
cancer/9.jpg,images/0069_cancer_9.jpg,cancer
cancer/10.jpg,images/0070_cancer_10.jpg,cancer
cancer/11.jpg,images/0071_cancer_11.jpg,cancer
cancer/12.jpg,images/0072_cancer_12.jpg,cancer
cancer/13.jpg,images/0073_cancer_13.jpg,cancer
cancer/14.jpg,images/0074_cancer_14.jpg,cancer
cancer/15.jpg,images/0075_cancer_15.jpg,cancer
cancer/16.jpg,images/0076_cancer_16.jpg,cancer
cancer/17.jpg,images/0077_cancer_17.jpg,cancer
cancer/18.jpg,images/0078_cancer_18.jpg,cancer
cancer/20.jpg,images/0079_cancer_20.jpg,cancer
cancer/21.jpg,images/0080_cancer_21.jpg,cancer
cancer/22.jpg,images/0081_cancer_22.jpg,cancer
cancer/23.jpg,images/0082_cancer_23.jpg,cancer
cancer/24.jpg,images/0083_cancer_24.jpg,cancer
cancer/25.jpg,images/0084_cancer_25.jpg,cancer
cancer/26.jpg,images/0085_cancer_26.jpg,cancer
cancer/27.jpg,images/0086_cancer_27.jpg,cancer
cancer/28.jpg,images/0087_cancer_28.jpg,cancer
cancer/29.jpg,images/0088_cancer_29.jpg,cancer
cancer/30.jpg,images/0089_cancer_30.jpg,cancer
